{"acc":0.9461857028893089,"loss":0.05934310029586805,"_timestamp":1.7365235393775182e+09,"_runtime":0.646701,"_step":7,"_wandb":{"runtime":0}}