{"_timestamp":1.7365230647951229e+09,"_runtime":0.862633,"_step":7,"acc":0.9062008778524661,"_wandb":{"runtime":0},"loss":0.05156207108965581}